{"example.md": 1685611292.9600039, "linux\u4fee\u6539\u6587\u4ef6\u540d.md": 1685611293.0389402, "os.listdir(.).md": 1685611293.0489478, "os.path.getmtime(filename).md": 1685611293.0579429, "os.walk()\u7528\u6cd5.md": 1685611293.087913, "touch\u547d\u4ee4\u7528\u6cd5.md": 1685611293.1179082, "\u5207\u7247\u8d4b\u503c\u64cd\u4f5c\u7684\u610f\u4e49.md": 1685611293.1358833, "json.dump().md": 1685611293.0099702, "\u5982\u4f55\u4f7f\u7528vi\u65b0\u5efa\u6587\u4ef6\u540d\u542b\u6709()\u7684\u6587\u4ef6.md": 1685611293.154887, " os.path.dirname()\u51fd\u6570\u539f\u7406.md": 1685611292.9709926, "json.load.md": 1685611293.0189667, "os.path.join()\u51fd\u6570\u539f\u7406.md": 1685611293.068936, "os.path.relpath()\u51fd\u6570\u539f\u7406.md": 1685611293.0789359, "about.md": 1685611292.9799871, "FileNotFoundError.md": 1685611292.9899812, "f\"\"\u5728Python\u4e2d\u7684\u7528\u6cd5.md": 1685292261.688364, "\u5148\u6267\u884c\u5b8c\u4e00\u4e2aif\u5224\u65ad\uff0c\u518d\u6267\u884c\u53e6\u4e00\u4e2aif\u5224\u65ad\uff0cPython\u5e94\u8be5\u600e\u4e48\u5199\uff1f.md": 1685611293.126903, "Python\u7684with\u4f7f\u7528\u8bf4\u660e.md": 1685611293.0979068, "\u56de\u8c03\u51fd\u6570\u4e3e\u4e00\u4e2a\u6700\u7b80\u5355\u7684\u4f8b\u5b50.md": 1685611293.1458929, "b1.md": 1685611292.9499996, "a.md": 1685611292.9399948, "f\u5728Python\u4e2d\u7684\u7528\u6cd5.md": 1685611292.9999762, "key=lambda x_ datetime.strptime(x, _%Y-%m-%d %H_%M_%S_).md": 1685611293.0289595, "sorted()\u51fd\u6570\u65f6\u95f4\u6392\u5e8f\u4e3e\u4f8b.md": 1685611293.1079137, "log_lambda\u51fd\u6570\u8868\u8fbe\u5f0f.md": 1685612772.668723, "\u5982\u4f55\u5728html\u9875\u9762\u5b9e\u73b0\u4e00\u4e2amd\u7f16\u8f91\u5668\uff0c\u6709\u6807\u9898\u680f\uff0c\u6b63\u6587\u680f\uff0c\u4fdd\u5b58\u8def\u5f84\u9009\u62e9\uff0c\u70b9\u51fb\u4fdd\u5b58\uff0c\u9ed8\u8ba4\u4fdd\u5b58\u5230log\u6587\u4ef6\u5939\u4e0b\uff0c\u8fd8\u8981\u6709\u4fdd\u5b58\u6309\u94ae.md": 1685612772.7296886, "Python\u81ea\u5e26\u7684gui\u5e93.md": 1685613451.6123097}