{"example.md": 1685291829.9092932, "linux\u4fee\u6539\u6587\u4ef6\u540d.md": 1685291829.9231, "os.listdir(.).md": 1685291829.9323509, "os.path.getmtime(filename).md": 1685291829.937022, "os.walk()\u7528\u6cd5.md": 1685291829.943808, "touch\u547d\u4ee4\u7528\u6cd5.md": 1685291829.9476092, "\u5207\u7247\u8d4b\u503c\u64cd\u4f5c\u7684\u610f\u4e49.md": 1685291829.950434, "json.dump().md": 1685291829.953986, "\u5982\u4f55\u4f7f\u7528vi\u65b0\u5efa\u6587\u4ef6\u540d\u542b\u6709()\u7684\u6587\u4ef6.md": 1685291829.9573078, " os.path.dirname()\u51fd\u6570\u539f\u7406.md": 1685291829.961525, "json.load.md": 1685291829.964247, "os.path.join()\u51fd\u6570\u539f\u7406.md": 1685291829.96835, "os.path.relpath()\u51fd\u6570\u539f\u7406.md": 1685291829.972666, "about.md": 1685291829.9745421, "FileNotFoundError.md": 1685291829.97743, "f\"\"\u5728Python\u4e2d\u7684\u7528\u6cd5.md": 1685292261.688364}