{"example.md": 1685291829.9092932, "linux\u4fee\u6539\u6587\u4ef6\u540d.md": 1685291829.9231, "os.listdir(.).md": 1685291829.9323509, "os.path.getmtime(filename).md": 1685291829.937022, "os.walk()\u7528\u6cd5.md": 1685291829.943808, "touch\u547d\u4ee4\u7528\u6cd5.md": 1685291829.9476092, "\u5207\u7247\u8d4b\u503c\u64cd\u4f5c\u7684\u610f\u4e49.md": 1685291829.950434, "json.dump().md": 1685291829.953986, "\u5982\u4f55\u4f7f\u7528vi\u65b0\u5efa\u6587\u4ef6\u540d\u542b\u6709()\u7684\u6587\u4ef6.md": 1685291829.9573078, " os.path.dirname()\u51fd\u6570\u539f\u7406.md": 1685291829.961525, "json.load.md": 1685291829.964247, "os.path.join()\u51fd\u6570\u539f\u7406.md": 1685291829.96835, "os.path.relpath()\u51fd\u6570\u539f\u7406.md": 1685291829.972666, "about.md": 1685291829.9745421, "FileNotFoundError.md": 1685291829.97743, "f\"\"\u5728Python\u4e2d\u7684\u7528\u6cd5.md": 1685292261.688364, "\u5148\u6267\u884c\u5b8c\u4e00\u4e2aif\u5224\u65ad\uff0c\u518d\u6267\u884c\u53e6\u4e00\u4e2aif\u5224\u65ad\uff0cPython\u5e94\u8be5\u600e\u4e48\u5199\uff1f.md": 1685292514.714216, "Python\u7684with\u4f7f\u7528\u8bf4\u660e.md": 1685292803.742389, "\u56de\u8c03\u51fd\u6570\u4e3e\u4e00\u4e2a\u6700\u7b80\u5355\u7684\u4f8b\u5b50.md": 1685293312.857546, "b1.md": 1685371195.5686479, "a.md": 1685371195.570851}